phrase,lemmas,pos,example,source
and,and,CCONJ,"Bereavement
Support links
Back to Advice for life situations and events
Find advice and support for coping with bereavement and grief, including help with bereavement in children and young people.",https://www.nhs.uk/mental-health/advice-for-life-situations-and-events/bereavement/
bereavement,bereavement,ADJ,"Bereavement
Support links
Back to Advice for life situations and events
Find advice and support for coping with bereavement and grief, including help with bereavement in children and young people.",https://www.nhs.uk/mental-health/advice-for-life-situations-and-events/bereavement/
health,health,NOUN,"© Crown copyright
Health A to Z
NHS services
Live Well
Mental health
Care and support
Pregnancy
Home
Browse More
Home
Mental health
Advice for life situations and events
Children and bereavement
Young people and bereavement
Grief after a bereavement or loss
Home
Health A to Z
NHS services
Live Well
Mental health
Care and support
Pregnancy
COVID-19
NHS App
Find my NHS number
View your GP health record
View your test results
About the NHS
Healthcare abroad
Other NHS websites",https://www.nhs.uk/mental-health/advice-for-life-situations-and-events/bereavement/
nhs,nhs,NOUN,"© Crown copyright
Health A to Z
NHS services
Live Well
Mental health
Care and support
Pregnancy
Home
Browse More
Home
Mental health
Advice for life situations and events
Children and bereavement
Young people and bereavement
Grief after a bereavement or loss
Home
Health A to Z
NHS services
Live Well
Mental health
Care and support
Pregnancy
COVID-19
NHS App
Find my NHS number
View your GP health record
View your test results
About the NHS
Healthcare abroad
Other NHS websites",https://www.nhs.uk/mental-health/advice-for-life-situations-and-events/bereavement/
support,support,VERB,"Bereavement
Support links
Back to Advice for life situations and events
Find advice and support for coping with bereavement and grief, including help with bereavement in children and young people.",https://www.nhs.uk/mental-health/advice-for-life-situations-and-events/bereavement/
advice,advice,NOUN,"Bereavement
Support links
Back to Advice for life situations and events
Find advice and support for coping with bereavement and grief, including help with bereavement in children and young people.",https://www.nhs.uk/mental-health/advice-for-life-situations-and-events/bereavement/
mental health care,mental health care,"ADJ,NOUN,NOUN",,https://www.nhs.uk/mental-health/advice-for-life-situations-and-events/bereavement/
life situations,life situation,"NOUN,NOUN","Bereavement
Support links
Back to Advice for life situations and events
Find advice and support for coping with bereavement and grief, including help with bereavement in children and young people.",https://www.nhs.uk/mental-health/advice-for-life-situations-and-events/bereavement/
z nhs services,z nhs service,"NOUN,NOUN,NOUN",,https://www.nhs.uk/mental-health/advice-for-life-situations-and-events/bereavement/
us,we,PRON,"Profile editor login
About us
Give us feedback
Accessibility statement
Our policies
Cookies",https://www.nhs.uk/mental-health/advice-for-life-situations-and-events/bereavement/
mental health,mental health,"ADJ,NOUN","© Crown copyright
Health A to Z
NHS services
Live Well
Mental health
Care and support
Pregnancy
Home
Browse More
Home
Mental health
Advice for life situations and events
Children and bereavement
Young people and bereavement
Grief after a bereavement or loss
Home
Health A to Z
NHS services
Live Well
Mental health
Care and support
Pregnancy
COVID-19
NHS App
Find my NHS number
View your GP health record
View your test results
About the NHS
Healthcare abroad
Other NHS websites",https://www.nhs.uk/mental-health/advice-for-life-situations-and-events/bereavement/
young people,young people,"ADJ,NOUN","Bereavement
Support links
Back to Advice for life situations and events
Find advice and support for coping with bereavement and grief, including help with bereavement in children and young people.",https://www.nhs.uk/mental-health/advice-for-life-situations-and-events/bereavement/
and support,and support,"CCONJ,VERB","Bereavement
Support links
Back to Advice for life situations and events
Find advice and support for coping with bereavement and grief, including help with bereavement in children and young people.",https://www.nhs.uk/mental-health/advice-for-life-situations-and-events/bereavement/
pregnancy,pregnancy,NOUN,"© Crown copyright
Health A to Z
NHS services
Live Well
Mental health
Care and support
Pregnancy
Home
Browse More
Home
Mental health
Advice for life situations and events
Children and bereavement
Young people and bereavement
Grief after a bereavement or loss
Home
Health A to Z
NHS services
Live Well
Mental health
Care and support
Pregnancy
COVID-19
NHS App
Find my NHS number
View your GP health record
View your test results
About the NHS
Healthcare abroad
Other NHS websites",https://www.nhs.uk/mental-health/advice-for-life-situations-and-events/bereavement/
children,child,NOUN,"Bereavement
Support links
Back to Advice for life situations and events
Find advice and support for coping with bereavement and grief, including help with bereavement in children and young people.",https://www.nhs.uk/mental-health/advice-for-life-situations-and-events/bereavement/
health a,health a,"PROPN,PRON","© Crown copyright
Health A to Z
NHS services
Live Well
Mental health
Care and support
Pregnancy
Home
Browse More
Home
Mental health
Advice for life situations and events
Children and bereavement
Young people and bereavement
Grief after a bereavement or loss
Home
Health A to Z
NHS services
Live Well
Mental health
Care and support
Pregnancy
COVID-19
NHS App
Find my NHS number
View your GP health record
View your test results
About the NHS
Healthcare abroad
Other NHS websites",https://www.nhs.uk/mental-health/advice-for-life-situations-and-events/bereavement/
events,event,NOUN,"Bereavement
Support links
Back to Advice for life situations and events
Find advice and support for coping with bereavement and grief, including help with bereavement in children and young people.",https://www.nhs.uk/mental-health/advice-for-life-situations-and-events/bereavement/
mental,mental,ADJ,"© Crown copyright
Health A to Z
NHS services
Live Well
Mental health
Care and support
Pregnancy
Home
Browse More
Home
Mental health
Advice for life situations and events
Children and bereavement
Young people and bereavement
Grief after a bereavement or loss
Home
Health A to Z
NHS services
Live Well
Mental health
Care and support
Pregnancy
COVID-19
NHS App
Find my NHS number
View your GP health record
View your test results
About the NHS
Healthcare abroad
Other NHS websites",https://www.nhs.uk/mental-health/advice-for-life-situations-and-events/bereavement/
grief,grief,NOUN,"Bereavement
Support links
Back to Advice for life situations and events
Find advice and support for coping with bereavement and grief, including help with bereavement in children and young people.",https://www.nhs.uk/mental-health/advice-for-life-situations-and-events/bereavement/
home,home,NOUN,"© Crown copyright
Health A to Z
NHS services
Live Well
Mental health
Care and support
Pregnancy
Home
Browse More
Home
Mental health
Advice for life situations and events
Children and bereavement
Young people and bereavement
Grief after a bereavement or loss
Home
Health A to Z
NHS services
Live Well
Mental health
Care and support
Pregnancy
COVID-19
NHS App
Find my NHS number
View your GP health record
View your test results
About the NHS
Healthcare abroad
Other NHS websites",https://www.nhs.uk/mental-health/advice-for-life-situations-and-events/bereavement/
for,for,ADP,"Bereavement
Support links
Back to Advice for life situations and events
Find advice and support for coping with bereavement and grief, including help with bereavement in children and young people.",https://www.nhs.uk/mental-health/advice-for-life-situations-and-events/bereavement/
to,to,PART,"Bereavement
Support links
Back to Advice for life situations and events
Find advice and support for coping with bereavement and grief, including help with bereavement in children and young people.",https://www.nhs.uk/mental-health/advice-for-life-situations-and-events/bereavement/
a,a,PRON,"© Crown copyright
Health A to Z
NHS services
Live Well
Mental health
Care and support
Pregnancy
Home
Browse More
Home
Mental health
Advice for life situations and events
Children and bereavement
Young people and bereavement
Grief after a bereavement or loss
Home
Health A to Z
NHS services
Live Well
Mental health
Care and support
Pregnancy
COVID-19
NHS App
Find my NHS number
View your GP health record
View your test results
About the NHS
Healthcare abroad
Other NHS websites",https://www.nhs.uk/mental-health/advice-for-life-situations-and-events/bereavement/
feedback accessibility statement,feedback accessibility statement,"NOUN,NOUN,NOUN",,https://www.nhs.uk/mental-health/advice-for-life-situations-and-events/bereavement/
bereavement support links,bereavement support link,"ADJ,NOUN,NOUN",,https://www.nhs.uk/mental-health/advice-for-life-situations-and-events/bereavement/
bereavement young people,bereavement young people,"ADJ,ADJ,NOUN",,https://www.nhs.uk/mental-health/advice-for-life-situations-and-events/bereavement/
situations and events,situation and event,"NOUN,CCONJ,NOUN","Bereavement
Support links
Back to Advice for life situations and events
Find advice and support for coping with bereavement and grief, including help with bereavement in children and young people.",https://www.nhs.uk/mental-health/advice-for-life-situations-and-events/bereavement/
and support pregnancy,and support pregnancy,"CCONJ,VERB,NOUN",,https://www.nhs.uk/mental-health/advice-for-life-situations-and-events/bereavement/
profile editor login,profile editor login,"VERB,NOUN,NOUN","Profile editor login
About us
Give us feedback
Accessibility statement
Our policies
Cookies",https://www.nhs.uk/mental-health/advice-for-life-situations-and-events/bereavement/
our policies cookies,our policy cooky,"PRON,NOUN,NOUN",,https://www.nhs.uk/mental-health/advice-for-life-situations-and-events/bereavement/
for life situations,for life situation,"ADP,NOUN,NOUN","Bereavement
Support links
Back to Advice for life situations and events
Find advice and support for coping with bereavement and grief, including help with bereavement in children and young people.",https://www.nhs.uk/mental-health/advice-for-life-situations-and-events/bereavement/
life situations and,life situation and,"NOUN,NOUN,CCONJ","Bereavement
Support links
Back to Advice for life situations and events
Find advice and support for coping with bereavement and grief, including help with bereavement in children and young people.",https://www.nhs.uk/mental-health/advice-for-life-situations-and-events/bereavement/
the nhs healthcare,the nhs healthcare,"DET,NOUN,NOUN",,https://www.nhs.uk/mental-health/advice-for-life-situations-and-events/bereavement/
other nhs websites,other nhs website,"ADJ,NOUN,NOUN","© Crown copyright
Health A to Z
NHS services
Live Well
Mental health
Care and support
Pregnancy
Home
Browse More
Home
Mental health
Advice for life situations and events
Children and bereavement
Young people and bereavement
Grief after a bereavement or loss
Home
Health A to Z
NHS services
Live Well
Mental health
Care and support
Pregnancy
COVID-19
NHS App
Find my NHS number
View your GP health record
View your test results
About the NHS
Healthcare abroad
Other NHS websites",https://www.nhs.uk/mental-health/advice-for-life-situations-and-events/bereavement/
services live well,service live well,"NOUN,VERB,ADV",,https://www.nhs.uk/mental-health/advice-for-life-situations-and-events/bereavement/
well mental health,well mental health,"INTJ,ADJ,NOUN",,https://www.nhs.uk/mental-health/advice-for-life-situations-and-events/bereavement/
© crown copyright,© crown copyright,"NOUN,NOUN,NOUN",,https://www.nhs.uk/mental-health/advice-for-life-situations-and-events/bereavement/
bereavement grief,bereavement grief,"ADJ,NOUN",,https://www.nhs.uk/mental-health/advice-for-life-situations-and-events/bereavement/
your test results,your test result,"PRON,NOUN,NOUN","© Crown copyright
Health A to Z
NHS services
Live Well
Mental health
Care and support
Pregnancy
Home
Browse More
Home
Mental health
Advice for life situations and events
Children and bereavement
Young people and bereavement
Grief after a bereavement or loss
Home
Health A to Z
NHS services
Live Well
Mental health
Care and support
Pregnancy
COVID-19
NHS App
Find my NHS number
View your GP health record
View your test results
About the NHS
Healthcare abroad
Other NHS websites",https://www.nhs.uk/mental-health/advice-for-life-situations-and-events/bereavement/
support pregnancy,support pregnancy,"NOUN,NOUN",,https://www.nhs.uk/mental-health/advice-for-life-situations-and-events/bereavement/
nhs services live,nhs service live,"NOUN,NOUN,VERB",,https://www.nhs.uk/mental-health/advice-for-life-situations-and-events/bereavement/
with bereavement,with bereavement,"ADP,NOUN","Bereavement
Support links
Back to Advice for life situations and events
Find advice and support for coping with bereavement and grief, including help with bereavement in children and young people.",https://www.nhs.uk/mental-health/advice-for-life-situations-and-events/bereavement/
live well mental,live well mental,"VERB,ADV,ADJ",,https://www.nhs.uk/mental-health/advice-for-life-situations-and-events/bereavement/
care and support,care and support,"VERB,CCONJ,VERB","© Crown copyright
Health A to Z
NHS services
Live Well
Mental health
Care and support
Pregnancy
Home
Browse More
Home
Mental health
Advice for life situations and events
Children and bereavement
Young people and bereavement
Grief after a bereavement or loss
Home
Health A to Z
NHS services
Live Well
Mental health
Care and support
Pregnancy
COVID-19
NHS App
Find my NHS number
View your GP health record
View your test results
About the NHS
Healthcare abroad
Other NHS websites",https://www.nhs.uk/mental-health/advice-for-life-situations-and-events/bereavement/
events children,event child,"NOUN,NOUN",,https://www.nhs.uk/mental-health/advice-for-life-situations-and-events/bereavement/
and bereavement,and bereavement,"CCONJ,ADJ","© Crown copyright
Health A to Z
NHS services
Live Well
Mental health
Care and support
Pregnancy
Home
Browse More
Home
Mental health
Advice for life situations and events
Children and bereavement
Young people and bereavement
Grief after a bereavement or loss
Home
Health A to Z
NHS services
Live Well
Mental health
Care and support
Pregnancy
COVID-19
NHS App
Find my NHS number
View your GP health record
View your test results
About the NHS
Healthcare abroad
Other NHS websites",https://www.nhs.uk/mental-health/advice-for-life-situations-and-events/bereavement/
advice for life,advice for life,"NOUN,ADP,NOUN","Bereavement
Support links
Back to Advice for life situations and events
Find advice and support for coping with bereavement and grief, including help with bereavement in children and young people.",https://www.nhs.uk/mental-health/advice-for-life-situations-and-events/bereavement/
health care and,health care and,"NOUN,NOUN,CCONJ",,https://www.nhs.uk/mental-health/advice-for-life-situations-and-events/bereavement/
pregnancy home,pregnancy home,"NOUN,NOUN",,https://www.nhs.uk/mental-health/advice-for-life-situations-and-events/bereavement/
situations and,situation and,"NOUN,CCONJ","Bereavement
Support links
Back to Advice for life situations and events
Find advice and support for coping with bereavement and grief, including help with bereavement in children and young people.",https://www.nhs.uk/mental-health/advice-for-life-situations-and-events/bereavement/
