signal,frequency,keywords_sample
language,5,language; language models; language models or; large language; large language models
access,4,access; access for; access for free; educational access
group,4,a group; group; groups; the group
m.,4,m. spielman; m. spielman william; rose m.; rose m. spielman
common,4,commons attribution; creative commons; creative commons attribution; the creative commons
william,3,william; william j.; william j. jenkins
texas,3,texas; texas book; texas book url
houston,3,houston; houston texas; houston texas book
include,3,include; must include; you must include
marilyn,3,marilyn; marilyn d.; marilyn d. lovett
use,3,use; used; using
location,3,location; location houston; location houston texas
spielman,3,spielman; spielman william; spielman william j.
lovett,3,lovett; lovett publisher; lovett publisher website
people,2,people; people who
personality,2,personality; personality traits
behavior,2,behavior; behaviors
example,2,example; for example
person,2,a person; person
free,2,for free; free
individual,2,individual; individuals
follow,2,following; the following
model,2,models; models or
culture,2,culture; cultures
date,2,date; date apr
situation,2,situation; the situation
title,2,title; title psychology
redistribute,2,are redistributing; you are redistributing
j.,2,j. jenkins; j. jenkins marilyn
jenkins,2,jenkins marilyn; jenkins marilyn d.
d.,2,d. lovett; d. lovett publisher
